<?xml version="1.0" encoding="UTF-8"?>
<project-private xmlns="http://www.netbeans.org/ns/project-private/1">
    <editor-bookmarks xmlns="http://www.netbeans.org/ns/editor-bookmarks/2" lastBookmarkId="0"/>
    <open-files xmlns="http://www.netbeans.org/ns/projectui-open-files/2">
        <group>
            <file>file:/D:/Semester%205/Software%20Construction%20and%20Design%20Lab/SCD%20Final%20Project/BankApp/src/gui/BankingApp.java</file>
            <file>file:/D:/Semester%205/Software%20Construction%20and%20Design%20Lab/SCD%20Final%20Project/BankApp/src/gui/TransactionManager.java</file>
            <file>file:/D:/Semester%205/Software%20Construction%20and%20Design%20Lab/SCD%20Final%20Project/BankApp/src/gui/AccountManager.java</file>
            <file>file:/D:/Semester%205/Software%20Construction%20and%20Design%20Lab/SCD%20Final%20Project/BankApp/src/banking/BankAccount.java</file>
        </group>
    </open-files>
</project-private>
